"Estimate"	"Est.Error"	"l-95% CI"	"u-95% CI"	"Rhat"	"Bulk_ESS"	"Tail_ESS"
"Intercept"	7.08368210819777	0.0501878357942115	6.98524029306867	7.18437926468269	1.00190492954116	2686.29794780633	4819.97516678892
"HasRC.C"	0.203541928487721	0.037742457290255	0.129566897488764	0.277925410988742	0.999999508229723	14072.6772917542	12404.5473402974
"EmbeddingBias.C"	-0.0254349057732637	0.0123419949341759	-0.0498620078586423	-0.0016861680815359	1.00043814459496	14042.5603720009	12278.2206811409
"HasSC.C"	-0.0281739190305068	0.0487883436126734	-0.124104736176473	0.0701481993315712	1.00018850523147	12486.1947780037	11941.6813372595
"HasRC.C:EmbeddingBias.C"	-0.02390303937428	0.026699073146436	-0.0758419531189588	0.0293024563344834	1.00047482400343	14561.5048919694	12808.2447360595
"EmbeddingBias.C:HasSC.C"	-0.121394249512116	0.035991134037115	-0.191560659968651	-0.0494826788274486	1.00001702084058	11805.0617402316	11346.7499807432
